{
    "last": "8",
    "1": {
        "Name": "\u0411\u0430\u043d\u0435\u0440",
        "lamin": null,
        "defaultSize": null,
        "materialRow": 3,
        "1": {
            "id": "1",
            "hideMaterial": null,
            "Size": "110"
        },
        "2": {
            "id": "2",
            "hideMaterial": null,
            "Size": "137"
        },
        "3": {
            "id": "3",
            "hideMaterial": null,
            "Size": "160"
        }
    },
    "2": {
        "Name": "\u041f\u0435\u0440\u0444\u043e\u043f\u043b\u0456\u0432\u043a\u0430",
        "lamin": "1",
        "defaultSize": null,
        "materialRow": 4,
        "1": {
            "id": "4",
            "hideMaterial": null,
            "Size": "105"
        },
        "2": {
            "id": "5",
            "hideMaterial": null,
            "Size": "127"
        },
        "3": {
            "id": "6",
            "hideMaterial": null,
            "Size": "137"
        },
        "4": {
            "id": "7",
            "hideMaterial": null,
            "Size": "152"
        }
    },
    "3": {
        "Name": "\u041f\u043b\u0456\u0432\u043a\u0430",
        "lamin": "1",
        "defaultSize": null,
        "materialRow": 6,
        "1": {
            "id": "8",
            "hideMaterial": null,
            "Size": "100"
        },
        "2": {
            "id": "9",
            "hideMaterial": null,
            "Size": "105"
        },
        "3": {
            "id": "10",
            "hideMaterial": null,
            "Size": "106"
        },
        "4": {
            "id": "11",
            "hideMaterial": null,
            "Size": "126"
        },
        "5": {
            "id": "12",
            "hideMaterial": null,
            "Size": "140"
        },
        "6": {
            "id": "13",
            "hideMaterial": null,
            "Size": "160"
        }
    },
    "4": {
        "Name": "\u0421\u0456\u0442\u0456\u043a",
        "lamin": "1",
        "defaultSize": "127",
        "materialRow": 3,
        "1": {
            "id": "14",
            "hideMaterial": null,
            "Size": "127"
        },
        "2": {
            "id": "15",
            "hideMaterial": null,
            "Size": "129"
        },
        "3": {
            "id": "16",
            "hideMaterial": null,
            "Size": "140"
        }
    },
    "5": {
        "Name": "\u0425\u043e\u043b\u0441\u0442",
        "lamin": null,
        "defaultSize": null,
        "materialRow": 2,
        "1": {
            "id": "17",
            "hideMaterial": null,
            "Size": "91"
        },
        "2": {
            "id": "18",
            "hideMaterial": null,
            "Size": "127"
        }
    },
    "6": {
        "Name": "\u041f\u0440\u043e\u0437\u043e\u0440\u0430",
        "lamin": "1",
        "defaultSize": null,
        "materialRow": 4,
        "1": {
            "id": "19",
            "hideMaterial": null,
            "Size": "100"
        },
        "2": {
            "id": "20",
            "hideMaterial": null,
            "Size": "126"
        },
        "3": {
            "id": "21",
            "hideMaterial": "1",
            "Size": "140"
        },
        "4": {
            "id": "22",
            "hideMaterial": "1",
            "Size": "160"
        }
    },
    "7": {
        "Name": "\u041c\u0430\u0442\u043e\u0432\u0430",
        "lamin": null,
        "defaultSize": null,
        "materialRow": 4,
        "1": {
            "id": "23",
            "hideMaterial": null,
            "Size": "100"
        },
        "2": {
            "id": "24",
            "hideMaterial": "1",
            "Size": "126"
        },
        "3": {
            "id": "25",
            "hideMaterial": "1",
            "Size": "140"
        },
        "4": {
            "id": "26",
            "hideMaterial": "1",
            "Size": "160"
        }
    },
    "8": {
        "Name": "\u041f\u0440\u043e\u0437\u043e\u0440\u0430 \u043c\u0430\u0442\u043e\u0432\u0430",
        "lamin": null,
        "defaultSize": null,
        "materialRow": 1,
        "1": {
            "id": "27",
            "hideMaterial": null,
            "Size": "100"
        }
    }
}
